{
  "token_acc": 0.9998017682,
  "token_p": 0.9991808044,
  "token_r": 0.9990356034,
  "token_f": 0.9991081986,
  "tag_acc": 0.9738073213,
  "pos_acc": 0.9801636073,
  "morph_acc": 0.9075723536,
  "morph_micro_p": 0.9508774779,
  "morph_micro_r": 0.9521641414,
  "morph_micro_f": 0.9515203747,
  "morph_per_feat": {
    "Case": {
      "p": 0.9113372093,
      "r": 0.913574917,
      "f": 0.9124546912
    },
    "Definite": {
      "p": 0.9955601093,
      "r": 0.9973768248,
      "f": 0.996467639
    },
    "Gender": {
      "p": 0.928363799,
      "r": 0.9374294423,
      "f": 0.9328745963
    },
    "Number": {
      "p": 0.9701250954,
      "r": 0.9718554552,
      "f": 0.9709895044
    },
    "PronType": {
      "p": 0.9929268293,
      "r": 0.9902700073,
      "f": 0.9915966387
    },
    "Degree": {
      "p": 0.9767932489,
      "r": 0.9698027579,
      "f": 0.9732854515
    },
    "VerbForm": {
      "p": 0.9541461324,
      "r": 0.9562976484,
      "f": 0.9552206789
    },
    "Mood": {
      "p": 0.962531224,
      "r": 0.9583816946,
      "f": 0.9604519774
    },
    "Person": {
      "p": 0.9747677804,
      "r": 0.9711325967,
      "f": 0.9729467931
    },
    "Tense": {
      "p": 0.96408286,
      "r": 0.9600731991,
      "f": 0.9620738518
    },
    "Reflex": {
      "p": 1.0,
      "r": 0.9952606635,
      "f": 0.9976247031
    },
    "Poss": {
      "p": 0.9958847737,
      "r": 1.0,
      "f": 0.9979381443
    },
    "Foreign": {
      "p": 0.6666666667,
      "r": 0.1105527638,
      "f": 0.1896551724
    }
  },
  "sents_p": 0.9457641371,
  "sents_r": 0.9525272505,
  "sents_f": 0.9376823677,
  "dep_uas": 0.9210763545,
  "dep_las": 0.9003658436,
  "dep_las_per_type": {
    "cp": {
      "p": 0.9542961609,
      "r": 0.9542961609,
      "f": 0.9542961609
    },
    "nk": {
      "p": 0.9741522505,
      "r": 0.9791904219,
      "f": 0.9766648388
    },
    "sb": {
      "p": 0.9097089071,
      "r": 0.9154534292,
      "f": 0.912572128
    },
    "ag": {
      "p": 0.9526143791,
      "r": 0.9668325041,
      "f": 0.9596707819
    },
    "mnr": {
      "p": 0.7485936824,
      "r": 0.727196301,
      "f": 0.7377398721
    },
    "mo": {
      "p": 0.7821470704,
      "r": 0.8047744285,
      "f": 0.7932994316
    },
    "oc": {
      "p": 0.9119385343,
      "r": 0.9289584588,
      "f": 0.9203698181
    },
    "root": {
      "p": 0.9739276703,
      "r": 0.9572225666,
      "f": 0.9655028661
    },
    "rc": {
      "p": 0.6785714286,
      "r": 0.6816143498,
      "f": 0.6800894855
    },
    "op": {
      "p": 0.706405694,
      "r": 0.5916542474,
      "f": 0.6439578264
    },
    "pm": {
      "p": 0.994269341,
      "r": 0.9971264368,
      "f": 0.9956958393
    },
    "nmc": {
      "p": 0.9778481013,
      "r": 0.9763033175,
      "f": 0.9770750988
    },
    "oa": {
      "p": 0.8476221288,
      "r": 0.864116095,
      "f": 0.8557896456
    },
    "pd": {
      "p": 0.8238993711,
      "r": 0.7705882353,
      "f": 0.7963525836
    },
    "ep": {
      "p": 0.8613138686,
      "r": 0.8872180451,
      "f": 0.8740740741
    },
    "cd": {
      "p": 0.8710304601,
      "r": 0.8682170543,
      "f": 0.8696214817
    },
    "cj": {
      "p": 0.8537782139,
      "r": 0.8579881657,
      "f": 0.8558780128
    },
    "par": {
      "p": 0.4637681159,
      "r": 0.3137254902,
      "f": 0.3742690058
    },
    "svp": {
      "p": 0.9497991968,
      "r": 0.9096153846,
      "f": 0.9292730845
    },
    "pg": {
      "p": 0.875,
      "r": 0.8694267516,
      "f": 0.8722044728
    },
    "da": {
      "p": 0.7872340426,
      "r": 0.5648854962,
      "f": 0.6577777778
    },
    "app": {
      "p": 0.642384106,
      "r": 0.6531986532,
      "f": 0.6477462437
    },
    "sbp": {
      "p": 0.8660714286,
      "r": 0.8362068966,
      "f": 0.850877193
    },
    "ac": {
      "p": 0.9708737864,
      "r": 0.8547008547,
      "f": 0.9090909091
    },
    "rs": {
      "p": 0.7142857143,
      "r": 0.3225806452,
      "f": 0.4444444444
    },
    "pnc": {
      "p": 0.8469945355,
      "r": 0.8051948052,
      "f": 0.8255659121
    },
    "ju": {
      "p": 0.9019607843,
      "r": 0.9292929293,
      "f": 0.9154228856
    },
    "ng": {
      "p": 0.8095238095,
      "r": 0.8138297872,
      "f": 0.8116710875
    },
    "re": {
      "p": 0.7253521127,
      "r": 0.6130952381,
      "f": 0.664516129
    },
    "cm": {
      "p": 0.8798076923,
      "r": 0.8798076923,
      "f": 0.8798076923
    },
    "cc": {
      "p": 0.7228915663,
      "r": 0.6030150754,
      "f": 0.6575342466
    },
    "uc": {
      "p": 0.8,
      "r": 0.2666666667,
      "f": 0.4
    },
    "ams": {
      "p": 0.7536231884,
      "r": 0.7647058824,
      "f": 0.7591240876
    },
    "dep": {
      "p": 0.0,
      "r": 0.0,
      "f": 0.0
    },
    "cvc": {
      "p": 0.7741935484,
      "r": 0.6075949367,
      "f": 0.6808510638
    },
    "ph": {
      "p": 1.0,
      "r": 0.8571428571,
      "f": 0.9230769231
    },
    "dm": {
      "p": 0.0,
      "r": 0.0,
      "f": 0.0
    },
    "oa2": {
      "p": 0.0,
      "r": 0.0,
      "f": 0.0
    },
    "vo": {
      "p": 0.0,
      "r": 0.0,
      "f": 0.0
    },
    "og": {
      "p": 0.6666666667,
      "r": 0.2857142857,
      "f": 0.4
    },
    "adc": {
      "p": 0.75,
      "r": 1.0,
      "f": 0.8571428571
    }
  },
  "lemma_acc": 0.975711605,
  "speed": 12505.215486266,
  "ents_p": 0.8306554986,
  "ents_r": 0.8150296538,
  "ents_f": 0.8227683922,
  "ents_per_type": {
    "LOC": {
      "p": 0.8503510196,
      "r": 0.8528559454,
      "f": 0.8516016405
    },
    "PER": {
      "p": 0.8560640732,
      "r": 0.8842717345,
      "f": 0.8699393066
    },
    "MISC": {
      "p": 0.7860396664,
      "r": 0.7001685498,
      "f": 0.7406233492
    },
    "ORG": {
      "p": 0.7711816945,
      "r": 0.7245189417,
      "f": 0.7471224276
    }
  }
}